date,first name,last name,allergies,emergency contact name,emergency contact number
10/5/2024,Jacob,Maxwell,n/a,Abbey Maxwell,260-446-5697
10/6/2024,Abbey,Maxwell,Gluten/Dairy,Jacob Maxwell,260-414-2071
10/7/2024,Greg,Maxwell,n/a,Susan Maxwell,260-414-6721
10/8/2024,Sue,Maxwell,n/a,Greg Maxwell,260-414-6715
10/9/2024,Nathan,Maxwell,n/a,his cat,260-111-1111
10/10/2024,Emily,Johnson,n/a,John Johnson,260-555-1234
10/11/2024,John,Johnson,Shellfish,Emily Johnson,260-555-4321
10/12/2024,Alice,Smith,n/a,Bob Smith,260-789-4567
10/13/2024,Bob,Smith,n/a,Alice Smith,260-789-1234
10/14/2024,David,Williams,Peanuts,Sarah Williams,260-987-6543
10/15/2024,Sarah,Williams,n/a,David Williams,260-987-3210
10/16/2024,Michael,Jones,n/a,Michelle Jones,260-123-7890
10/17/2024,Michelle,Jones,n/a,Michael Jones,260-123-4567
10/18/2024,Christopher,Brown,n/a,Christina Brown,260-321-6789
10/19/2024,Christina,Brown,n/a,Christopher Brown,260-321-3456
10/20/2024,Matthew,Davis,n/a,Megan Davis,260-654-9870
10/21/2024,Megan,Davis,Eggs,Matthew Davis,260-654-6543
10/22/2024,Joshua,Miller,n/a,Jessica Miller,260-789-0123
10/23/2024,Jessica,Miller,n/a,Joshua Miller,260-789-9012
10/24/2024,Ashley,Wilson,n/a,Andrew Wilson,260-890-3456
10/25/2024,Andrew,Wilson,Milk,Ashley Wilson,260-890-6789
10/26/2024,Amanda,Moore,n/a,Adam Moore,260-901-2345
10/27/2024,Adam,Moore,Soy,Amanda Moore,260-901-5678
10/28/2024,Daniel,Taylor,n/a,Danielle Taylor,260-567-8901
10/29/2024,Danielle,Taylor,n/a,Daniel Taylor,260-567-2345
10/30/2024,Elizabeth,Anderson,n/a,Edward Anderson,260-234-5678
10/31/2024,Edward,Anderson,n/a,Elizabeth Anderson,260-234-9012
11/1/2024,Christopher,Thompson,n/a,Christine Thompson,260-789-1234
11/2/2024,Christine,Thompson,n/a,Christopher Thompson,260-789-5678
11/3/2024,Patricia,White,n/a,Paul White,260-987-6543
11/4/2024,Paul,White,n/a,Patricia White,260-987-8901
11/5/2024,Jennifer,Harris,n/a,James Harris,260-456-7890
11/6/2024,James,Harris,Wheat,Jennifer Harris,260-456-1234
11/7/2024,Joshua,Martin,n/a,Jessica Martin,260-123-4567
11/8/2024,Jessica,Martin,n/a,Joshua Martin,260-123-7890
11/9/2024,Linda,Thompson,n/a,Larry Thompson,260-345-6789
11/10/2024,Larry,Thompson,n/a,Linda Thompson,260-345-9012
11/11/2024,Michael,Garcia,n/a,Michelle Garcia,260-234-5678
11/12/2024,Michelle,Garcia,n/a,Michael Garcia,260-234-8901
11/13/2024,David,Martinez,n/a,Danielle Martinez,260-789-0123
11/14/2024,Danielle,Martinez,n/a,David Martinez,260-789-3456
11/15/2024,James,Robinson,n/a,Jessica Robinson,260-901-6789
11/16/2024,Jessica,Robinson,n/a,James Robinson,260-901-2345
11/17/2024,John,Clark,n/a,Jennifer Clark,260-567-8901
11/18/2024,Jennifer,Clark,n/a,John Clark,260-567-2345
11/19/2024,Richard,Rodriguez,n/a,Rebecca Rodriguez,260-123-4567
11/20/2024,Rebecca,Rodriguez,n/a,Richard Rodriguez,260-123-7890
11/21/2024,Joshua,Lewis,n/a,Jacqueline Lewis,260-345-6789
11/22/2024,Jacqueline,Lewis,n/a,Joshua Lewis,260-345-9012
11/23/2024,Joseph,Lee,n/a,Jennifer Lee,260-789-0123
11/24/2024,Jennifer,Lee,n/a,Joseph Lee,260-789-3456
11/25/2024,Samantha,Walker,n/a,Steven Walker,260-901-6789
11/26/2024,Steven,Walker,n/a,Samantha Walker,260-901-2345
11/27/2024,William,Hall,n/a,Wendy Hall,260-567-8901
11/28/2024,Wendy,Hall,n/a,William Hall,260-567-2345
11/29/2024,Mary,Allen,n/a,Mark Allen,260-123-4567
11/30/2024,Mark,Allen,n/a,Mary Allen,260-123-7890
12/1/2024,Kevin,Hill,n/a,Katherine Hill,260-456-7890
12/2/2024,Katherine,Hill,n/a,Kevin Hill,260-456-1234
12/3/2024,Jason,Young,n/a,Jennifer Young,260-678-9012
12/4/2024,Jennifer,Young,n/a,Jason Young,260-678-3456
12/5/2024,Joseph,Hernandez,n/a,Jessica Hernandez,260-890-1234
12/6/2024,Jessica,Hernandez,n/a,Joseph Hernandez,260-890-5678
12/7/2024,David,King,n/a,Danielle King,260-234-7890
12/8/2024,Danielle,King,n/a,David King,260-234-9012
12/9/2024,Andrew,Wright,n/a,Anna Wright,260-789-2345
12/10/2024,Anna,Wright,n/a,Andrew Wright,260-789-5678
12/11/2024,Joshua,Lopez,n/a,Jessica Lopez,260-901-2345
12/12/2024,Jessica,Lopez,n/a,Joshua Lopez,260-901-6789
12/13/2024,Brian,Hill,n/a,Brittany Hill,260-567-8901
12/14/2024,Brittany,Hill,n/a,Brian Hill,260-567-2345
12/15/2024,Andrew,Scott,n/a,Amy Scott,260-123-4567
12/16/2024,Amy,Scott,n/a,Andrew Scott,260-123-7890
12/17/2024,Justin,Green,n/a,Jessica Green,260-789-0123
12/18/2024,Jessica,Green,n/a,Justin Green,260-789-3456
12/19/2024,Brandon,Adams,n/a,Brianna Adams,260-901-6789
12/20/2024,Brianna,Adams,n/a,Brandon Adams,260-901-2345
12/21/2024,Aaron,Baker,n/a,Brooke Baker,260-567-8901
12/22/2024,Brooke,Baker,n/a,Aaron Baker,260-567-2345
12/23/2024,Nicholas,Gonzalez,n/a,Natalie Gonzalez,260-123-4567
12/24/2024,Natalie,Gonzalez,n/a,Nicholas Gonzalez,260-123-7890